僇乕僪柤徧,僙僝儞僾儔僠僫價僕僱僗丒傾儊儕僇儞僄僉僗僾儗僗僇乕僪
偍巟暐擔,2026/07/06
崱夞偛惪媮妟,0000522043

棙梡擔,偛棙梡揦柤媦傃彜昳柤,杮恖丒壠懓嬫暘,巟暐嬫暘柤徧,掲慜擖嬥嬫暘,棙梡嬥妟,旛峫
,偛棙梡幰柤:拞堜 戝婱      條,,,,,
2026/05/10,ETC帪娫懷妱堷(柤搰仺柤搰),,1夞,,560,
2026/05/10,ETC暉壀慜尨 (慜尨仺慜尨),,1夞,,220,
2026/05/11,ETC暉壀杒嬨廈(暉壀惣崅懍仺暉壀惣崅懍),,1夞,,630,
2026/05/11,ETC暉壀杒嬨廈(暉壀惣慜尨仺暉壀惣慜尨),,1夞,,150,
2026/05/11,ETC暉壀慜尨 (慜尨仺慜尨),,1夞,,220,
2026/05/11,FACEBK *VKPHBPZ9Z2,,1夞,,142756,
2026/05/16,FACEBK *HB2QZQZZY2,,1夞,,124316,
2026/05/21,姅幃夛幮僋儔僂僪儚乕僋僗,,1夞,,1996,
2026/05/22,ETC暉壀杒嬨廈(柤搰仺柤搰),,1夞,,630,
2026/05/22,ETC暉壀杒嬨廈(暉壀惣崅懍仺暉壀惣崅懍),,1夞,,630,
2026/05/22,ETC暉壀杒嬨廈(暉壀惣慜尨仺暉壀惣慜尨),,1夞,,150,
2026/05/22,ETC暉壀慜尨 (暉壀惣仺暉壀惣),,1夞,,150,
2026/05/26,FACEBK *Z5VKFQR9Z2,,1夞,,142756,
2026/05/27,FACEBK *BA86WQ5AZ2,,1夞,,12127,
2026/05/27,FACEBK *XVHT8R52Z2,,1夞,,94752,
,亂彫寁亃,,,,522043,
,亂崌寁亃,,,,522043,
